epoch,acc,loss,val_acc,val_loss
0,1.0,2.36743380469e-05,1.0,4.94718767641e-07
